INSERT INTO cities (title) VALUES 
('Москва'),
('Санкт-Петербург'),
('Новосибирск'),
('Екатеринбург'),
('Казань'),
('Нижний Новгород'),
('Челябинск'),
('Самара'),
('Омск'),
('Ростов-на-Дону'),
('Уфа'),
('Красноярск'),
('Воронеж'),
('Пермь'),
('Волгоград'),
('Краснодар'),
('Саратов'),
('Тюмень'),
('Тольятти'),
('Ижевск');

INSERT INTO addresses (city_id, street_title, house_num, house_data) VALUES 
(1, 'Тверская улица', '1', '{"coordinates": {"lat": 55.7558, "lng": 37.6176}, "building_type": "office", "floors": 6}'),
(1, 'Арбат', '15', '{"coordinates": {"lat": 55.7522, "lng": 37.5911}, "building_type": "office", "floors": 4}'),
(1, 'Красная площадь', '1', '{"coordinates": {"lat": 55.7539, "lng": 37.6208}, "building_type": "historical", "floors": 2}'),
(1, 'Кутузовский проспект', '32', '{"coordinates": {"lat": 55.7408, "lng": 37.5831}, "building_type": "office", "floors": 8}'),
(1, 'Ленинский проспект', '45', '{"coordinates": {"lat": 55.7008, "lng": 37.5858}, "building_type": "office", "floors": 12}'),
(2, 'Невский проспект', '28', '{"coordinates": {"lat": 59.9311, "lng": 30.3609}, "building_type": "office", "floors": 5}'),
(2, 'Дворцовая площадь', '2', '{"coordinates": {"lat": 59.9386, "lng": 30.3141}, "building_type": "historical", "floors": 3}'),
(2, 'Васильевский остров', '7', '{"coordinates": {"lat": 59.9375, "lng": 30.3086}, "building_type": "office", "floors": 6}'),
(2, 'Петроградская сторона', '12', '{"coordinates": {"lat": 59.9581, "lng": 30.3019}, "building_type": "office", "floors": 4}'),
(2, 'Литейный проспект', '39', '{"coordinates": {"lat": 59.9361, "lng": 30.3469}, "building_type": "office", "floors": 7}'),
(3, 'Красный проспект', '25', '{"coordinates": {"lat": 55.0084, "lng": 82.9357}, "building_type": "office", "floors": 9}'),
(3, 'ул. Ленина', '8', '{"coordinates": {"lat": 55.0044, "lng": 82.9247}, "building_type": "office", "floors": 5}'),
(3, 'ул. Советская', '15', '{"coordinates": {"lat": 55.0114, "lng": 82.9307}, "building_type": "office", "floors": 6}'),
(3, 'ул. Мичурина', '3', '{"coordinates": {"lat": 55.0064, "lng": 82.9407}, "building_type": "office", "floors": 4}'),
(3, 'ул. Горького', '42', '{"coordinates": {"lat": 55.0094, "lng": 82.9207}, "building_type": "office", "floors": 8}'),
(4, 'ул. Ленина', '5', '{"coordinates": {"lat": 56.8431, "lng": 60.6454}, "building_type": "office", "floors": 7}'),
(4, 'пр. Ленина', '33', '{"coordinates": {"lat": 56.8381, "lng": 60.6354}, "building_type": "office", "floors": 10}'),
(4, 'ул. Малышева', '19', '{"coordinates": {"lat": 56.8481, "lng": 60.6554}, "building_type": "office", "floors": 6}'),
(4, 'ул. Карла Маркса', '12', '{"coordinates": {"lat": 56.8331, "lng": 60.6254}, "building_type": "office", "floors": 5}'),
(4, 'ул. 8 Марта', '45', '{"coordinates": {"lat": 56.8531, "lng": 60.6654}, "building_type": "office", "floors": 8}'),
(5, 'ул. Баумана', '7', '{"coordinates": {"lat": 55.7887, "lng": 49.1221}, "building_type": "office", "floors": 4}'),
(5, 'Кремлевская улица', '2', '{"coordinates": {"lat": 55.7967, "lng": 49.1061}, "building_type": "historical", "floors": 3}'),
(5, 'ул. Пушкина', '18', '{"coordinates": {"lat": 55.7787, "lng": 49.1321}, "building_type": "office", "floors": 6}'),
(5, 'ул. Дзержинского', '25', '{"coordinates": {"lat": 55.7987, "lng": 49.1121}, "building_type": "office", "floors": 5}'),
(5, 'ул. Чистопольская', '31', '{"coordinates": {"lat": 55.7687, "lng": 49.1421}, "building_type": "office", "floors": 7}'),
(6, 'ул. Большая Покровская', '4', '{"coordinates": {"lat": 56.3269, "lng": 44.0075}, "building_type": "office", "floors": 5}'),
(6, 'ул. Рождественская', '12', '{"coordinates": {"lat": 56.3169, "lng": 44.0175}, "building_type": "office", "floors": 4}'),
(6, 'ул. Минина', '8', '{"coordinates": {"lat": 56.3369, "lng": 43.9975}, "building_type": "office", "floors": 6}'),
(6, 'ул. Варварская', '15', '{"coordinates": {"lat": 56.3069, "lng": 44.0275}, "building_type": "office", "floors": 3}'),
(6, 'ул. Ильинская', '22', '{"coordinates": {"lat": 56.3269, "lng": 44.0375}, "building_type": "office", "floors": 7}'),
(7, 'ул. Кирова', '6', '{"coordinates": {"lat": 55.1644, "lng": 61.4368}, "building_type": "office", "floors": 5}'),
(7, 'пр. Ленина', '41', '{"coordinates": {"lat": 55.1544, "lng": 61.4268}, "building_type": "office", "floors": 8}'),
(7, 'ул. Свободы', '14', '{"coordinates": {"lat": 55.1744, "lng": 61.4468}, "building_type": "office", "floors": 4}'),
(7, 'ул. Коммуны', '28', '{"coordinates": {"lat": 55.1444, "lng": 61.4168}, "building_type": "office", "floors": 6}'),
(7, 'ул. Труда', '35', '{"coordinates": {"lat": 55.1844, "lng": 61.4568}, "building_type": "office", "floors": 7}'),
(8, 'ул. Ленинградская', '9', '{"coordinates": {"lat": 53.2001, "lng": 50.1500}, "building_type": "office", "floors": 6}'),
(8, 'ул. Молодогвардейская', '17', '{"coordinates": {"lat": 53.1901, "lng": 50.1600}, "building_type": "office", "floors": 5}'),
(8, 'ул. Высоцкого', '23', '{"coordinates": {"lat": 53.2101, "lng": 50.1400}, "building_type": "office", "floors": 4}'),
(8, 'ул. Гагарина', '31', '{"coordinates": {"lat": 53.1801, "lng": 50.1700}, "building_type": "office", "floors": 8}'),
(8, 'ул. Победы', '45', '{"coordinates": {"lat": 53.2201, "lng": 50.1300}, "building_type": "office", "floors": 7}'),
(9, 'ул. Ленина', '11', '{"coordinates": {"lat": 54.9885, "lng": 73.3242}, "building_type": "office", "floors": 5}'),
(9, 'ул. Маркса', '13', '{"coordinates": {"lat": 54.9785, "lng": 73.3342}, "building_type": "office", "floors": 4}'),
(9, 'ул. Красный путь', '19', '{"coordinates": {"lat": 54.9985, "lng": 73.3142}, "building_type": "office", "floors": 6}'),
(9, 'ул. Интернациональная', '27', '{"coordinates": {"lat": 54.9685, "lng": 73.3442}, "building_type": "office", "floors": 3}'),
(9, 'ул. Пушкина', '33', '{"coordinates": {"lat": 55.0085, "lng": 73.3042}, "building_type": "office", "floors": 7}'),
(10, 'ул. Большая Садовая', '3', '{"coordinates": {"lat": 47.2224, "lng": 39.7186}, "building_type": "office", "floors": 6}'),
(10, 'пр. Буденновский', '15', '{"coordinates": {"lat": 47.2124, "lng": 39.7286}, "building_type": "office", "floors": 5}'),
(10, 'ул. Красноармейская', '21', '{"coordinates": {"lat": 47.2324, "lng": 39.7086}, "building_type": "office", "floors": 4}'),
(10, 'ул. Социалистическая', '29', '{"coordinates": {"lat": 47.2024, "lng": 39.7386}, "building_type": "office", "floors": 8}'),
(10, 'ул. Темерницкая', '37', '{"coordinates": {"lat": 47.2424, "lng": 39.6986}, "building_type": "office", "floors": 7}');

INSERT INTO organizations (address_id, title) VALUES 
(1, 'ООО "Российские Технологии"'),
(2, 'АО "Столичный Банк"'),
(3, 'ООО "Московские Инвестиции"'),
(4, 'ИП Иванов А.В.'),
(5, 'ООО "Центр Развития"'),
(6, 'АО "Северная Строительная Компания"'),
(7, 'ООО "Петербургские Инновации"'),
(8, 'ИП Петрова М.С.'),
(9, 'ООО "Балтийские Технологии"'),
(10, 'АО "Нева-Инвест"'),
(11, 'ООО "Сибирские Решения"'),
(12, 'АО "Новосибирский Завод"'),
(13, 'ООО "Академгородок Технологии"'),
(14, 'ИП Сидоров В.П.'),
(15, 'ООО "Сибирь-Строй"'),
(16, 'АО "Уральские Машины"'),
(17, 'ООО "Екатеринбург Инвест"'),
(18, 'ООО "Урал-Тех"'),
(19, 'ИП Козлов Д.А.'),
(20, 'ООО "Уральские Ресурсы"'),
(21, 'АО "Татарстан Банк"'),
(22, 'ООО "Казанские Технологии"'),
(23, 'ООО "Волга-Инвест"'),
(24, 'ИП Мухаметов Р.Ш.'),
(25, 'ООО "Татарстан Строй"'),
(26, 'АО "Нижегородский Завод"'),
(27, 'ООО "Волжские Технологии"'),
(28, 'ООО "Нижний-Инвест"'),
(29, 'ИП Волков А.Н.'),
(30, 'ООО "Волга-Строй"'),
(31, 'АО "Челябинский Металлургический Завод"'),
(32, 'ООО "Южно-Уральские Технологии"'),
(33, 'ООО "Урал-Инвест"'),
(34, 'ИП Морозов С.В.'),
(35, 'ООО "Челябинск Строй"'),
(36, 'АО "Самарский Нефтехимический Завод"'),
(37, 'ООО "Поволжские Технологии"'),
(38, 'ООО "Самара-Инвест"'),
(39, 'ИП Соколов И.М.'),
(40, 'ООО "Волга-Строй"'),
(41, 'АО "Омский Машиностроительный Завод"'),
(42, 'ООО "Сибирские Технологии"'),
(43, 'ООО "Омск-Инвест"'),
(44, 'ИП Новиков П.К.'),
(45, 'ООО "Сибирь-Строй"'),
(46, 'АО "Донской Банк"'),
(47, 'ООО "Южные Технологии"'),
(48, 'ООО "Ростов-Инвест"'),
(49, 'ИП Донской В.И.'),
(50, 'ООО "Дон-Строй"');

INSERT INTO organization_contacts (organization_id, contact_type, value) VALUES 
(1, 'phone', '+7 (495) 123-45-67'),
(1, 'email', 'info@russ-tech.ru'),
(1, 'website', 'www.russ-tech.ru'),
(2, 'phone', '+7 (495) 234-56-78'),
(2, 'email', 'info@capital-bank.ru'),
(2, 'website', 'www.capital-bank.ru'),
(3, 'phone', '+7 (495) 345-67-89'),
(3, 'email', 'info@moscow-invest.ru'),
(4, 'phone', '+7 (495) 456-78-90'),
(4, 'email', 'ivanov@mail.ru'),
(5, 'phone', '+7 (495) 567-89-01'),
(5, 'email', 'info@center-dev.ru'),
(5, 'website', 'www.center-dev.ru'),
(6, 'phone', '+7 (812) 123-45-67'),
(6, 'email', 'info@north-construction.ru'),
(6, 'website', 'www.north-construction.ru'),
(7, 'phone', '+7 (812) 234-56-78'),
(7, 'email', 'info@piter-innov.ru'),
(8, 'phone', '+7 (812) 345-67-89'),
(8, 'email', 'petrova@mail.ru'),
(9, 'phone', '+7 (812) 456-78-90'),
(9, 'email', 'info@baltic-tech.ru'),
(9, 'website', 'www.baltic-tech.ru'),
(10, 'phone', '+7 (812) 567-89-01'),
(10, 'email', 'info@neva-invest.ru'),
(10, 'website', 'www.neva-invest.ru'),
(11, 'phone', '+7 (383) 123-45-67'),
(11, 'email', 'info@siberian-solutions.ru'),
(12, 'phone', '+7 (383) 234-56-78'),
(12, 'email', 'info@novosibirsk-plant.ru'),
(13, 'phone', '+7 (383) 345-67-89'),
(13, 'email', 'info@academ-tech.ru'),
(14, 'phone', '+7 (383) 456-78-90'),
(14, 'email', 'sidorov@mail.ru'),
(15, 'phone', '+7 (383) 567-89-01'),
(15, 'email', 'info@siberia-stroy.ru'),
(16, 'phone', '+7 (343) 123-45-67'),
(16, 'email', 'info@ural-machines.ru'),
(17, 'phone', '+7 (343) 234-56-78'),
(17, 'email', 'info@ekaterinburg-invest.ru'),
(18, 'phone', '+7 (343) 345-67-89'),
(18, 'email', 'info@ural-tech.ru'),
(19, 'phone', '+7 (343) 456-78-90'),
(19, 'email', 'kozlov@mail.ru'),
(20, 'phone', '+7 (343) 567-89-01'),
(20, 'email', 'info@ural-resources.ru'),
(21, 'phone', '+7 (843) 123-45-67'),
(21, 'email', 'info@tatarstan-bank.ru'),
(22, 'phone', '+7 (843) 234-56-78'),
(22, 'email', 'info@kazan-tech.ru'),
(23, 'phone', '+7 (843) 345-67-89'),
(23, 'email', 'info@volga-invest.ru'),
(24, 'phone', '+7 (843) 456-78-90'),
(24, 'email', 'mukhametov@mail.ru'),
(25, 'phone', '+7 (843) 567-89-01'),
(25, 'email', 'info@tatarstan-stroy.ru'),
(26, 'phone', '+7 (831) 123-45-67'),
(26, 'email', 'info@nizhny-plant.ru'),
(27, 'phone', '+7 (831) 234-56-78'),
(27, 'email', 'info@volzhskie-tech.ru'),
(28, 'phone', '+7 (831) 345-67-89'),
(28, 'email', 'info@nizhny-invest.ru'),
(29, 'phone', '+7 (831) 456-78-90'),
(29, 'email', 'volkov@mail.ru'),
(30, 'phone', '+7 (831) 567-89-01'),
(30, 'email', 'info@volga-stroy.ru'),
(31, 'phone', '+7 (351) 123-45-67'),
(31, 'email', 'info@chelmet.ru'),
(32, 'phone', '+7 (351) 234-56-78'),
(32, 'email', 'info@south-ural-tech.ru'),
(33, 'phone', '+7 (351) 345-67-89'),
(33, 'email', 'info@ural-invest.ru'),
(34, 'phone', '+7 (351) 456-78-90'),
(34, 'email', 'morozov@mail.ru'),
(35, 'phone', '+7 (351) 567-89-01'),
(35, 'email', 'info@chelyabinsk-stroy.ru'),
(36, 'phone', '+7 (846) 123-45-67'),
(36, 'email', 'info@samara-npz.ru'),
(37, 'phone', '+7 (846) 234-56-78'),
(37, 'email', 'info@povolzhskie-tech.ru'),
(38, 'phone', '+7 (846) 345-67-89'),
(38, 'email', 'info@samara-invest.ru'),
(39, 'phone', '+7 (846) 456-78-90'),
(39, 'email', 'sokolov@mail.ru'),
(40, 'phone', '+7 (846) 567-89-01'),
(40, 'email', 'info@volga-stroy.ru'),
(41, 'phone', '+7 (3812) 123-45-67'),
(41, 'email', 'info@omsk-mash.ru'),
(42, 'phone', '+7 (3812) 234-56-78'),
(42, 'email', 'info@siberian-tech.ru'),
(43, 'phone', '+7 (3812) 345-67-89'),
(43, 'email', 'info@omsk-invest.ru'),
(44, 'phone', '+7 (3812) 456-78-90'),
(44, 'email', 'novikov@mail.ru'),
(45, 'phone', '+7 (3812) 567-89-01'),
(45, 'email', 'info@siberia-stroy.ru'),
(46, 'phone', '+7 (863) 123-45-67'),
(46, 'email', 'info@don-bank.ru'),
(47, 'phone', '+7 (863) 234-56-78'),
(47, 'email', 'info@south-tech.ru'),
(48, 'phone', '+7 (863) 345-67-89'),
(48, 'email', 'info@rostov-invest.ru'),
(49, 'phone', '+7 (863) 456-78-90'),
(49, 'email', 'donskoy@mail.ru'),
(50, 'phone', '+7 (863) 567-89-01'),
(50, 'email', 'info@don-stroy.ru');

INSERT INTO activities (title) VALUES 
('Производство'),
('Строительство'),
('Торговля'),
('Финансы и банковское дело'),
('Информационные технологии'),
('Транспорт и логистика'),
('Образование'),
('Здравоохранение'),
('Недвижимость'),
('Консалтинг'),
('Энергетика'),
('Сельское хозяйство'),
('Туризм и гостиничный бизнес'),
('Медиа и реклама'),
('Научные исследования');

INSERT INTO sub_activities (activity_id, title) VALUES 
(1, 'Машиностроение'),
(1, 'Металлургия'),
(1, 'Химическая промышленность'),
(1, 'Пищевая промышленность'),
(1, 'Легкая промышленность'),
(1, 'Деревообработка'),
(1, 'Электроника'),
(1, 'Фармацевтика'),
(2, 'Жилищное строительство'),
(2, 'Коммерческое строительство'),
(2, 'Промышленное строительство'),
(2, 'Дорожное строительство'),
(2, 'Инженерные коммуникации'),
(2, 'Реконструкция и ремонт'),
(3, 'Оптовая торговля'),
(3, 'Розничная торговля'),
(3, 'Интернет-торговля'),
(3, 'Автомобильная торговля'),
(3, 'Торговля недвижимостью'),
(4, 'Коммерческие банки'),
(4, 'Инвестиционные компании'),
(4, 'Страховые компании'),
(4, 'Лизинговые компании'),
(4, 'Факторинг'),
(5, 'Разработка ПО'),
(5, 'Системная интеграция'),
(5, 'IT-консалтинг'),
(5, 'Облачные технологии'),
(5, 'Кибербезопасность'),
(6, 'Грузоперевозки'),
(6, 'Пассажирские перевозки'),
(6, 'Складские услуги'),
(6, 'Таможенное оформление'),
(6, 'Экспедирование'),
(7, 'Высшее образование'),
(7, 'Среднее образование'),
(7, 'Дополнительное образование'),
(7, 'Профессиональная подготовка'),
(7, 'Корпоративное обучение'),
(8, 'Поликлиники'),
(8, 'Больницы'),
(8, 'Стоматология'),
(8, 'Лабораторная диагностика'),
(8, 'Фармацевтические услуги'),
(9, 'Продажа недвижимости'),
(9, 'Аренда недвижимости'),
(9, 'Управление недвижимостью'),
(9, 'Оценка недвижимости'),
(9, 'Девелопмент'),
(10, 'Управленческий консалтинг'),
(10, 'Финансовый консалтинг'),
(10, 'Юридический консалтинг'),
(10, 'HR-консалтинг'),
(10, 'Маркетинговый консалтинг'),
(11, 'Электроэнергетика'),
(11, 'Нефтегазовая отрасль'),
(11, 'Альтернативная энергетика'),
(11, 'Энергосбережение'),
(11, 'Энергетическое оборудование'),
(12, 'Растениеводство'),
(12, 'Животноводство'),
(12, 'Птицеводство'),
(12, 'Рыбоводство'),
(12, 'Сельхозтехника'),
(13, 'Гостиничные услуги'),
(13, 'Туристические агентства'),
(13, 'Ресторанный бизнес'),
(13, 'Развлекательные услуги'),
(13, 'Спортивный туризм'),
(14, 'Телевидение'),
(14, 'Радио'),
(14, 'Печатные СМИ'),
(14, 'Интернет-медиа'),
(14, 'Рекламные агентства'),
(15, 'Фундаментальные исследования'),
(15, 'Прикладные исследования'),
(15, 'Технические разработки'),
(15, 'Маркетинговые исследования'),
(15, 'Социологические исследования');

INSERT INTO sub_activities_details (sub_activity_id, title) VALUES 
(1, 'Производство автомобилей'),
(1, 'Производство станков'),
(1, 'Производство сельхозтехники'),
(1, 'Производство оборудования для нефтегазовой отрасли'),
(2, 'Черная металлургия'),
(2, 'Цветная металлургия'),
(2, 'Производство металлопроката'),
(2, 'Производство металлоконструкций'),
(3, 'Нефтехимия'),
(3, 'Производство удобрений'),
(3, 'Производство пластмасс'),
(3, 'Производство лакокрасочных материалов'),
(4, 'Производство мясных продуктов'),
(4, 'Производство молочных продуктов'),
(4, 'Производство хлебобулочных изделий'),
(4, 'Производство кондитерских изделий'),
(5, 'Текстильная промышленность'),
(5, 'Швейная промышленность'),
(5, 'Обувная промышленность'),
(5, 'Кожевенная промышленность'),
(6, 'Производство пиломатериалов'),
(6, 'Производство мебели'),
(6, 'Производство бумаги'),
(6, 'Производство упаковки'),
(7, 'Производство электронных компонентов'),
(7, 'Производство бытовой техники'),
(7, 'Производство промышленной электроники'),
(7, 'Производство телекоммуникационного оборудования'),
(8, 'Производство лекарственных препаратов'),
(8, 'Производство медицинского оборудования'),
(8, 'Производство биологически активных добавок'),
(8, 'Производство косметических средств'),
(9, 'Многоквартирные дома'),
(9, 'Индивидуальные дома'),
(9, 'Таунхаусы'),
(9, 'Коттеджные поселки'),
(10, 'Офисные здания'),
(10, 'Торговые центры'),
(10, 'Складские комплексы'),
(10, 'Гостиничные комплексы'),
(11, 'Заводы и фабрики'),
(11, 'Электростанции'),
(11, 'Нефтеперерабатывающие заводы'),
(11, 'Химические заводы'),
(12, 'Автомобильные дороги'),
(12, 'Мосты и путепроводы'),
(12, 'Тоннели'),
(12, 'Аэропорты'),
(13, 'Водоснабжение и канализация'),
(13, 'Электроснабжение'),
(13, 'Газоснабжение'),
(13, 'Теплоснабжение'),
(14, 'Капитальный ремонт'),
(14, 'Текущий ремонт'),
(14, 'Реставрация'),
(14, 'Модернизация'),
(15, 'Торговля продуктами питания'),
(15, 'Торговля промышленными товарами'),
(15, 'Торговля строительными материалами'),
(15, 'Торговля автомобилями'),
(16, 'Супермаркеты'),
(16, 'Специализированные магазины'),
(16, 'Универмаги'),
(16, 'Магазины у дома'),
(17, 'Интернет-магазины'),
(17, 'Маркетплейсы'),
(17, 'Мобильная коммерция'),
(17, 'Социальная коммерция'),
(18, 'Продажа новых автомобилей'),
(18, 'Продажа подержанных автомобилей'),
(18, 'Автозапчасти'),
(18, 'Автосервис'),
(19, 'Продажа квартир'),
(19, 'Продажа домов'),
(19, 'Продажа коммерческой недвижимости'),
(19, 'Аренда недвижимости'),
(20, 'Универсальные банки'),
(20, 'Специализированные банки'),
(20, 'Региональные банки'),
(20, 'Кредитные союзы'),
(21, 'Управляющие компании'),
(21, 'Инвестиционные фонды'),
(21, 'Венчурные фонды'),
(21, 'Пенсионные фонды'),
(22, 'Страхование жизни'),
(22, 'Страхование имущества'),
(22, 'Страхование ответственности'),
(22, 'Медицинское страхование'),
(23, 'Финансовый лизинг'),
(23, 'Операционный лизинг'),
(23, 'Возвратный лизинг'),
(23, 'Международный лизинг'),
(24, 'Регрессный факторинг'),
(24, 'Безрегрессный факторинг'),
(24, 'Экспортный факторинг'),
(24, 'Импортный факторинг'),
(25, 'Веб-разработка'),
(25, 'Мобильная разработка'),
(25, 'Десктопные приложения'),
(25, 'Игровая разработка'),
(26, 'Корпоративные системы'),
(26, 'Инфраструктурные решения'),
(26, 'Системы безопасности'),
(26, 'Облачные решения'),
(27, 'Стратегическое планирование'),
(27, 'Техническое консультирование'),
(27, 'Аудит IT-систем'),
(27, 'Управление проектами'),
(28, 'Публичные облака'),
(28, 'Приватные облака'),
(28, 'Гибридные облака'),
(28, 'Облачные сервисы'),
(29, 'Защита информации'),
(29, 'Аудит безопасности'),
(29, 'Мониторинг угроз'),
(29, 'Обучение персонала'),
(30, 'Автомобильные перевозки'),
(30, 'Железнодорожные перевозки'),
(30, 'Авиаперевозки'),
(30, 'Морские перевозки'),
(31, 'Городской транспорт'),
(31, 'Междугородние перевозки'),
(31, 'Международные перевозки'),
(31, 'Корпоративные перевозки'),
(32, 'Хранение товаров'),
(32, 'Комплектация заказов'),
(32, 'Упаковка товаров'),
(32, 'Инвентаризация'),
(33, 'Таможенное декларирование'),
(33, 'Таможенное сопровождение'),
(33, 'Таможенная очистка'),
(33, 'Таможенное консультирование'),
(34, 'Организация перевозок'),
(34, 'Отслеживание грузов'),
(34, 'Документооборот'),
(34, 'Страхование грузов'),
(35, 'Университеты'),
(35, 'Институты'),
(35, 'Академии'),
(35, 'Консерватории'),
(36, 'Школы'),
(36, 'Гимназии'),
(36, 'Лицеи'),
(36, 'Колледжи'),
(37, 'Курсы повышения квалификации'),
(37, 'Профессиональная переподготовка'),
(37, 'Языковые курсы'),
(37, 'Творческие студии'),
(38, 'Профессиональные училища'),
(38, 'Техникумы'),
(38, 'Училища'),
(38, 'Центры профессионального обучения'),
(39, 'Обучение персонала'),
(39, 'Развитие лидерства'),
(39, 'Командообразование'),
(39, 'Онлайн-обучение'),
(40, 'Общие поликлиники'),
(40, 'Специализированные поликлиники'),
(40, 'Детские поликлиники'),
(40, 'Стоматологические поликлиники'),
(41, 'Общие больницы'),
(41, 'Специализированные больницы'),
(41, 'Детские больницы'),
(41, 'Психиатрические больницы'),
(42, 'Общая стоматология'),
(42, 'Ортодонтия'),
(42, 'Хирургическая стоматология'),
(42, 'Детская стоматология'),
(43, 'Клинические лаборатории'),
(43, 'Биохимические лаборатории'),
(43, 'Микробиологические лаборатории'),
(43, 'Генетические лаборатории'),
(44, 'Аптеки'),
(44, 'Фармацевтические склады'),
(44, 'Фармацевтическое производство'),
(44, 'Фармацевтический консалтинг'),
(45, 'Продажа квартир'),
(45, 'Продажа домов'),
(45, 'Продажа коммерческой недвижимости'),
(45, 'Продажа земельных участков'),
(46, 'Аренда квартир'),
(46, 'Аренда офисов'),
(46, 'Аренда торговых помещений'),
(46, 'Аренда складских помещений'),
(47, 'Управление жилыми комплексами'),
(47, 'Управление офисными зданиями'),
(47, 'Управление торговыми центрами'),
(47, 'Управление складскими комплексами'),
(48, 'Оценка жилой недвижимости'),
(48, 'Оценка коммерческой недвижимости'),
(48, 'Оценка земельных участков'),
(48, 'Оценка для кредитования'),
(49, 'Жилой девелопмент'),
(49, 'Коммерческий девелопмент'),
(49, 'Промышленный девелопмент'),
(49, 'Рекреационный девелопмент'),
(50, 'Стратегическое планирование'),
(50, 'Организационное развитие'),
(50, 'Управление изменениями'),
(50, 'Операционная эффективность'),
(51, 'Финансовое планирование'),
(51, 'Инвестиционное консультирование'),
(51, 'Управление рисками'),
(51, 'Налоговое планирование'),
(52, 'Корпоративное право'),
(52, 'Трудовое право'),
(52, 'Налоговое право'),
(52, 'Интеллектуальная собственность'),
(53, 'Подбор персонала'),
(53, 'Оценка персонала'),
(53, 'Развитие персонала'),
(53, 'Управление компенсациями'),
(54, 'Маркетинговые исследования'),
(54, 'Брендинг'),
(54, 'Цифровой маркетинг'),
(54, 'PR и коммуникации'),
(55, 'Производство электроэнергии'),
(55, 'Передача электроэнергии'),
(55, 'Распределение электроэнергии'),
(55, 'Сбыт электроэнергии'),
(56, 'Добыча нефти и газа'),
(56, 'Переработка нефти'),
(56, 'Транспортировка нефти и газа'),
(56, 'Сбыт нефтепродуктов'),
(57, 'Солнечная энергетика'),
(57, 'Ветровая энергетика'),
(57, 'Гидроэнергетика'),
(57, 'Геотермальная энергетика'),
(58, 'Энергоаудит'),
(58, 'Энергоменеджмент'),
(58, 'Энергоэффективные технологии'),
(58, 'Энергосервисные контракты'),
(59, 'Генераторы'),
(59, 'Трансформаторы'),
(59, 'Электродвигатели'),
(59, 'Системы автоматизации'),
(60, 'Зерновые культуры'),
(60, 'Овощеводство'),
(60, 'Садоводство'),
(60, 'Цветоводство'),
(61, 'Крупный рогатый скот'),
(61, 'Свиноводство'),
(61, 'Овцеводство'),
(61, 'Козоводство'),
(62, 'Куры'),
(62, 'Утки'),
(62, 'Гуси'),
(62, 'Индейки'),
(63, 'Прудовое рыбоводство'),
(63, 'Садовое рыбоводство'),
(63, 'Индустриальное рыбоводство'),
(63, 'Морское рыбоводство'),
(64, 'Тракторы'),
(64, 'Комбайны'),
(64, 'Посевная техника'),
(64, 'Уборочная техника'),
(65, 'Отели'),
(65, 'Гостиницы'),
(65, 'Хостелы'),
(65, 'Апартаменты'),
(66, 'Внутренний туризм'),
(66, 'Выездной туризм'),
(66, 'Въездной туризм'),
(66, 'Деловой туризм'),
(67, 'Рестораны'),
(67, 'Кафе'),
(67, 'Бары'),
(67, 'Фаст-фуд'),
(68, 'Кинотеатры'),
(68, 'Театры'),
(68, 'Концертные залы'),
(68, 'Развлекательные центры'),
(69, 'Горнолыжный туризм'),
(69, 'Водный туризм'),
(69, 'Пеший туризм'),
(69, 'Велосипедный туризм'),
(70, 'Общественное телевидение'),
(70, 'Коммерческое телевидение'),
(70, 'Кабельное телевидение'),
(70, 'Спутниковое телевидение'),
(71, 'FM-радио'),
(71, 'Интернет-радио'),
(71, 'Подкасты'),
(71, 'Аудиокниги'),
(72, 'Газеты'),
(72, 'Журналы'),
(72, 'Книги'),
(72, 'Каталоги'),
(73, 'Новостные сайты'),
(73, 'Блоги'),
(73, 'Социальные сети'),
(73, 'Видеоплатформы'),
(74, 'Креативные агентства'),
(74, 'Медиа-агентства'),
(74, 'PR-агентства'),
(74, 'Event-агентства'),
(75, 'Физические исследования'),
(75, 'Химические исследования'),
(75, 'Биологические исследования'),
(75, 'Математические исследования'),
(76, 'Технические исследования'),
(76, 'Медицинские исследования'),
(76, 'Сельскохозяйственные исследования'),
(76, 'Экономические исследования'),
(77, 'Новые технологии'),
(77, 'Изобретения'),
(77, 'Патентование'),
(77, 'Лицензирование'),
(78, 'Исследования рынка'),
(78, 'Исследования потребителей'),
(78, 'Исследования брендов'),
(78, 'Исследования рекламы'),
(79, 'Общественное мнение'),
(79, 'Социальные процессы'),
(79, 'Демографические исследования'),
(79, 'Политические исследования');

INSERT INTO organization_activities (organization_id, sub_activity_detail_id) VALUES 
(1, 1),
(2, 1),
(3, 1),
(4, 1),
(5, 1),
(12, 1),
(16, 1),
(20, 1),
(26, 1),
(41, 1),

(1, 2),
(2, 2),
(3, 2),
(4, 2),
(5, 2),
(12, 2),
(16, 2),
(20, 2),
(26, 2),
(41, 2),

(1, 3),
(2, 3),
(3, 3),
(4, 3),
(5, 3),
(12, 3),
(16, 3),
(20, 3),
(26, 3),
(41, 3),

(1, 4),
(2, 4),
(3, 4),
(4, 4),
(5, 4),
(12, 4),
(16, 4),
(20, 4),
(26, 4),
(41, 4),

(6, 5),
(7, 5),
(8, 5),
(9, 5),
(10, 5),
(31, 5),

(6, 6),
(7, 6),
(8, 6),
(9, 6),
(10, 6),
(31, 6),

(6, 7),
(7, 7),
(8, 7),
(9, 7),
(10, 7),
(31, 7),

(6, 8),
(7, 8),
(8, 8),
(9, 8),
(10, 8),
(31, 8),

(11, 9),
(12, 9),
(13, 9),
(14, 9),
(15, 9),
(36, 9),

(11, 10),
(12, 10),
(13, 10),
(14, 10),
(15, 10),
(36, 10),

(11, 11),
(12, 11),
(13, 11),
(14, 11),
(15, 11),
(36, 11),

(11, 12),
(12, 12),
(13, 12),
(14, 12),
(15, 12),
(36, 12),

(16, 13),
(17, 13),
(18, 13),
(19, 13),
(20, 13),

(16, 14),
(17, 14),
(18, 14),
(19, 14),
(20, 14),

(16, 15),
(17, 15),
(18, 15),
(19, 15),
(20, 15),

(16, 16),
(17, 16),
(18, 16),
(19, 16),
(20, 16),

(21, 17),
(22, 17),
(23, 17),
(24, 17),
(25, 17),

(21, 18),
(22, 18),
(23, 18),
(24, 18),
(25, 18),

(21, 19),
(22, 19),
(23, 19),
(24, 19),
(25, 19),

(21, 20),
(22, 20),
(23, 20),
(24, 20),
(25, 20),

(26, 21),
(27, 21),
(28, 21),
(29, 21),
(30, 21),

(26, 22),
(27, 22),
(28, 22),
(29, 22),
(30, 22),

(26, 23),
(27, 23),
(28, 23),
(29, 23),
(30, 23),

(26, 24),
(27, 24),
(28, 24),
(29, 24),
(30, 24),

(1, 25),
(4, 25),
(5, 25),
(7, 25),
(8, 25),
(9, 25),
(11, 25),
(13, 25),
(14, 25),
(18, 25),
(19, 25),
(22, 25),
(24, 25),
(27, 25),
(29, 25),
(32, 25),
(34, 25),
(37, 25),
(39, 25),
(42, 25),
(44, 25),
(47, 25),
(49, 25),
(31, 25),
(33, 25),
(35, 25),

(1, 26),
(4, 26),
(5, 26),
(7, 26),
(8, 26),
(9, 26),
(11, 26),
(13, 26),
(14, 26),
(18, 26),
(19, 26),
(22, 26),
(24, 26),
(27, 26),
(29, 26),
(32, 26),
(34, 26),
(37, 26),
(39, 26),
(42, 26),
(44, 26),
(47, 26),
(49, 26),
(31, 26),
(33, 26),
(35, 26),

(1, 27),
(4, 27),
(5, 27),
(8, 27),
(11, 27),
(14, 27),
(18, 27),
(19, 27),
(22, 27),
(24, 27),
(27, 27),
(29, 27),
(32, 27),
(34, 27),
(37, 27),
(39, 27),
(42, 27),
(44, 27),
(47, 27),
(49, 27),
(31, 27),
(33, 27),
(35, 27),

(1, 28),
(5, 28),
(7, 28),
(9, 28),
(11, 28),
(13, 28),
(18, 28),
(22, 28),
(24, 28),
(27, 28),
(32, 28),
(34, 28),
(37, 28),
(39, 28),
(42, 28),
(44, 28),
(47, 28),
(49, 28),
(31, 28),
(33, 28),
(35, 28),

(1, 29),
(5, 29),
(7, 29),
(9, 29),
(13, 29),
(22, 29),
(27, 29),
(32, 29),
(37, 29),
(47, 29),
(31, 29),
(33, 29),
(35, 29),

(9, 30),
(13, 30),
(47, 30),
(31, 30),
(33, 30),
(35, 30),

(36, 31),
(37, 31),
(38, 31),
(39, 31),
(40, 31),

(36, 32),
(37, 32),
(38, 32),
(39, 32),
(40, 32),

(6, 33),
(15, 33),
(25, 33),
(30, 33),
(35, 33),
(40, 33),
(45, 33),
(50, 33),
(41, 33),
(42, 33),
(43, 33),
(44, 33),

(6, 34),
(15, 34),
(25, 34),
(30, 34),
(35, 34),
(40, 34),
(45, 34),
(50, 34),
(41, 34),
(42, 34),
(43, 34),
(44, 34),

(6, 35),
(15, 35),
(25, 35),
(30, 35),
(35, 35),
(40, 35),
(45, 35),
(50, 35),
(41, 35),
(42, 35),
(43, 35),
(44, 35),

(6, 36),
(15, 36),
(25, 36),
(30, 36),
(35, 36),
(40, 36),
(45, 36),
(50, 36),
(41, 36),
(42, 36),
(43, 36),
(44, 36),

(6, 37),
(15, 37),
(25, 37),
(35, 37),
(40, 37),
(45, 37),
(41, 37),
(42, 37),
(43, 37),
(44, 37),

(46, 38),
(47, 38),
(48, 38),
(49, 38),
(50, 38),

(46, 39),
(47, 39),
(48, 39),
(49, 39),
(50, 39),

(46, 40),
(47, 40),
(48, 40),
(49, 40),
(50, 40),

(2, 80),
(21, 80),
(46, 80),

(2, 81),
(21, 81),
(46, 81),

(2, 82),
(21, 82),
(46, 82),

(2, 83),
(21, 83),
(46, 83),

(3, 100),
(10, 100),
(17, 100),
(23, 100),
(28, 100),
(33, 100),
(38, 100),
(43, 100),
(48, 100),

(3, 101),
(10, 101),
(17, 101),
(23, 101),
(28, 101),
(33, 101),
(38, 101),
(43, 101),
(48, 101),

(3, 102),
(10, 102),
(17, 102),
(23, 102),
(28, 102),
(33, 102),
(38, 102),
(43, 102),
(48, 102),

(3, 103),
(10, 103),
(17, 103),
(23, 103),
(28, 103),
(33, 103),
(38, 103),
(43, 103),
(48, 103);